Class,"carcinoma_in_situ","light_dysplastic","moderate_dysplastic","normal_columnar","normal_intermediate","normal_superficiel","severe_dysplastic"
PLR,610.12117,4226.5,2146.72087,3862.56863,None,None,1641.25169
NLR,0.00447,0.0,0.00764,0.00102,0.0,0.0,0.00843
DOR,136444.14286,None,280822.21875,3797853.75,None,None,194644.2
DP,2.83105,None,3.00388,3.62749,None,None,2.91611
IS,3.09648,2.95721,3.20618,2.30052,2.80083,2.69014,2.76294
