Class,"carcinoma_in_situ","light_dysplastic","moderate_dysplastic","normal_columnar","normal_intermediate","normal_superficiel","severe_dysplastic"
ERR,0.00196,0.00021,0.00124,0.00041,0.0,0.0,0.00175
FNR,0.00446,0.0,0.00764,0.00102,0.0,0.0,0.00843
FPR,0.00163,0.00024,0.00046,0.00026,0.0,0.0,0.0006
FDR,0.0124,0.0016,0.00384,0.00102,0.0,0.0,0.00353
FOR,0.00058,0.0,0.00092,0.00026,0.0,0.0,0.00145
