Class,"anormal","normal"
PLR,4787.1598,700.71095
NLR,0.00143,0.00021
DOR,3354415.28571,3354415.28571
DP,3.59776,3.59776
IS,0.98314,1.01465
